kind,name,detail,region,has_calendar,has_gps
calendar_unpinned_school_exists,South Dade Senior High,c_60a3028dc12f0be60f3c7119c6a8f0cc3a8da955012b2396364b0227ced3e188@group.calendar.google.com,south,,yes
calendar_no_school,Redondo Elementary,c_0366a5f70f4a27a7977175eb5e2bb048ce82716684a63438546576cb399c0d66@group.calendar.google.com,,,
calendar_no_school,Treasure Island Elementary,c_14f8ee6dee5a827b86aac3ae58c441e04861c8ac5568900b46a23d31212f8c6a@group.calendar.google.com,,,
calendar_no_school,Avocado Elementary,c_243c77394a0942e80be0368c833db6fcbeef88294aa5f6ddef902a8b0dd978d0@group.calendar.google.com,,,
calendar_no_school,Hebrew Academy (RASG),c_6d55ddb4622fb1fd86a38808cab7e66695611da8c40f9f98cc7925fa2d5302c4@group.calendar.google.com,,,
calendar_unpinned_school_exists,Dr. William Chapman Elementary,c_6da4718d75c1afbfa4cb558b8dcf4f733fb4d53dd85defb761612576306b41fd@group.calendar.google.com,south,,yes
calendar_no_school,North Beach Elementary,c_4eff3a4fefd012e8cb1a2d29719f83074ca1548d27547ce75da3d0d435e26e12@group.calendar.google.com,,,
calendar_no_school,Robert Renick Educational Center,c_e1c272a8db396069b46f3e1dd856fcd6debb89e4713153e193b69247ae517238@group.calendar.google.com,,,
calendar_no_school,Pine Villa Elementary,c_07d26a711db62844b06f1a34581fa1f268b74d8ea44771245c4ace226ef5b9bc@group.calendar.google.com,,,
calendar_no_school,South Dade Middle School,c_9512ef3fa0b6aa7d3f99dda9f4be356b847c886fc7c80f23a63a639a860938fc@group.calendar.google.com,,,
calendar_no_school,North Glade Elementary,c_53a1a12d9f1a764e3ced2169fa9fb466dae3cd9519b6ff260d7238bcac471fc5@group.calendar.google.com,,,
calendar_no_school,Miami Central High School,c_444f65e2cf79af6c7a76e810a22da372ce10eb12396e03b8c3e207b3ad270468@group.calendar.google.com,,,
calendar_no_school,Miami Central High School,c_13b90274d70f9e56e3af3550ad958fb4b4216a74570abcc9e9fe7052a248fa34@group.calendar.google.com,,,
calendar_no_school,Mandarin Lakes K-8,c_b090ab8ea75e13089d3f603b72f046563adb95dd1931076ddcbfcdcad0541fab@group.calendar.google.com,,,
calendar_no_school,Mater Beach Academy,c_e3881bfb1935a3f7f3fa08073d31a02d5473ca580b1fa34a8e4b0bd5a9720600@group.calendar.google.com,,,
calendar_no_school,schedule@ymu.org,schedule@ymu.org,,,
calendar_no_school,Gateway Environmental K-8,c_cbe59817b8f5e6537d19d682155ddcda6ed26faf715ad5115f0f22c83e5bdc9d@group.calendar.google.com,,,
school_no_calendar,Arcola Lake Elementary School,"1037 NW 81st St, Miami FL 33150",central,no,yes
school_no_calendar,Arthur & Polly Mays Conservatory of the Arts,"11700 SW 216th St, Miami, FL 33170",south,no,yes
school_no_calendar,Benjamin Franklin K-8,"13100 NW 12th Ave, North Miami FL 33168",central,no,yes
school_no_calendar,Bowman Ashe/Doolin K-8 Academy,"6601 SW 152nd Ave, Miami-Dade, 33193",south,no,yes
school_no_calendar,Broadmoor Elementary,"3401 NW 83rd St, Miami, FL 33147",central,no,yes
school_no_calendar,Charles R. Drew K-8,"1775 NW 60th St, Miami-Dade, 33142",central,no,yes
school_no_calendar,Dr. Rolando Espinosa K-8,"11250 NW 86th St, Doral, 33178",north,no,yes
school_no_calendar,Holmes Elementary School,"1175 NW 67th St, Miami, FL 33150",central,no,yes
school_no_calendar,Irving & Beatrice Peskoe K-8,"29035 SW 144th Ave, Miami-Dade, 33033",south,no,yes
school_no_calendar,Jane S. Roberts K-8 Center,"14850 Cottonwood Cir, Miami-Dade, 33185",south,no,yes
school_no_calendar,Joe Hall Elementary,"1901 SW 134th Ave, Miami-Dade, 33175",south,no,yes
school_no_calendar,John A. Ferguson Sr. High School,"15900 SW 56th St, Miami-Dade, 33185",south,no,yes
school_no_calendar,John F. Kennedy MS,"1075 NE 167th St, Miami-Dade, 33162",north,no,yes
school_no_calendar,Lakeview Elementary School,"1290 NW 115th St, Miami, FL 33167",central,no,yes
school_no_calendar,Liberty City Elementary,"1855 NW 71st St, Miami, FL 33147",central,no,yes
school_no_calendar,Lillie C. Evans K-8,"1895 NW 75th St, Miami-Dade, 33147",central,no,yes
school_no_calendar,Linda Lentin K-8,"14312 NE 2nd Ct, Miami-Dade, 33161",north,no,yes
school_no_calendar,Melrose Elementary School,"3050 NW 35th St, Miami, FL 33142",central,no,yes
school_no_calendar,North Miami MS,"700 NE 137th St, North Miami, FL 33161",north,no,yes
school_no_calendar,Oak Grove ES,"15640 NE 8th Ave, Miami, FL 33162",north,no,yes
school_no_calendar,Orchard Villa Elementary School,"5720 NW 13th Ave, Miami, FL 33142",central,no,yes
school_no_calendar,Van E. Blanton Elementary,"10327 NW 11th Ave, Miami, FL 33150",central,no,yes
roster_not_in_app,Avocado Elementary,"16969 SW 294th Street, Homestead, FL 33030",,,
roster_not_in_app,Carie P. Meek/Westview K-8,"2101 NW 127th St, North Miami, FL 33167",,,
roster_not_in_app,Dr. Henry Mack / West Little River K-8,"2450 NW 84th Street, Miami, FL 33147",,,
roster_not_in_app,Gateway Environmental K-8,"955 SE 18th Avenue, Homestead, FL 33035",,,
roster_not_in_app,Homestead Senior High,"2351 SE 12th Avenue, Homestead, FL 33034",,,
roster_not_in_app,Miami Central High School,"1781 NW 95th Street, Miami, FL 33147",,,
roster_not_in_app,North Beach Elementary,"4100 Prairie Avenue, Miami Beach, FL 33140",,,
roster_not_in_app,North Glade Elementary,"5000 NW 177th Street, Miami, FL 33055",,,
roster_not_in_app,Pine Villa Elementary,"21799 SW 117th Ct, Miami, FL 33170",,,
roster_not_in_app,Redondo Elementary,"18480 SW 304th Street, Homestead, FL 33030",,,
roster_not_in_app,Robert Renick Educational Center,"2201 NW 207th Street, Miami Gardens, FL 33056",,,
roster_not_in_app,South Dade Middle School,"29100 SW 194th Avenue, Homestead, FL 33030",,,
roster_not_in_app,Treasure Island Elementary,"7540 E Treasure Dr, North Bay Village, FL 33141",,,
roster_not_in_app,Mater Beach Academy,"8625 Byron Ave, Miami Beach, FL 33141",,,
roster_not_in_app,Hebrew Academy (RASG),"2400 Pine Tree Dr, Miami Beach, FL 33140",,,
roster_not_in_app,Norland Senior High School,"1193 NW 193rd St, Miami Gardens, FL 33169",,,
roster_not_in_app,Highland Oaks Senior High School,"2375 NE 203rd St, Miami, FL 33180",,,
roster_not_in_app,Alonzo Mourning High School,"2601 NE 151st St, Miami, FL 33160",,,
roster_not_in_app,Arthur and Polly Mays Conservatory,"11700 SW 216th St, Goulds, FL 33170",,,
roster_not_in_app,Bel-Aire Elementary School,"10205 SW 194th St, Cutler Bay, FL 33157",,,
roster_not_in_app,Bent Tree Elementary School,"4861 SW 140th Ave, Miami, FL 33175",,,
roster_not_in_app,Bowman Ashe K-8,"6601 SW 152nd Ave, Miami, FL 33193",,,
roster_not_in_app,Cutler Bay Middle School,"19400 Gulfstream Rd, Cutler Bay, FL 33157",,,
roster_not_in_app,Dante B. Fascell Elementary School,"15625 SW 80th St, Miami, FL 33193",,,
roster_not_in_app,Dr. Charles R. Drew K-8 Center,"1775 NW 60th St, Miami, FL 33142",,,
roster_not_in_app,Dr. Manuel C. Barreiro Elementary School,"5125 SW 162nd Ave, Miami, FL 33185",,,
roster_not_in_app,Ethel Koger Beckham Elementary School,"4702 SW 143rd Ct, Miami, FL 33175",,,
roster_not_in_app,G. Holmes Braddack Senior High School,"3601 SW 147th Ave, Miami, FL 33185",,,
roster_not_in_app,Greenglade Elementary School,"3060 SW 127th Ave, Miami, FL 33175",,,
roster_not_in_app,Henry Filer Middle School,"531 W 29th St, Hialeah, FL 33012",,,
roster_not_in_app,Hialeah Miami Lakes Senior High,"7977 W 12th Ave, Hialeah, FL 33014",,,
roster_not_in_app,Hialeah Middle School,"6027 E 7th Ave, Hialeah, FL 33013",,,
roster_not_in_app,Howard D. McMillan Middle School,"13100 SW 59th St, Miami, FL 33183",,,
roster_not_in_app,John Ferguson Senior High School,"15900 SW 56th St, Miami, FL 33185",,,
roster_not_in_app,Lamar Louise Curry Middle School,"15750 SW 47th St, Miami, FL 33185",,,
roster_not_in_app,Laura C. Saunders Elementary School,"505 SW 8th St, Homestead, FL 33030",,,
roster_not_in_app,Lehrman Community Day School,"727 Lehrman Dr, Miami Beach, FL 33141",,,
roster_not_in_app,Marjory Stoneman Douglas Elementary School,"11901 SW 2nd St, Miami, FL 33184",,,
roster_not_in_app,Mast Academy,"3979 Rickenbacker Cswy, Key Biscayne, FL 33149",,,
roster_not_in_app,North Dade Middle School,"1840 NW 157th St, Miami Gardens, FL 33054",,,
roster_not_in_app,Paul L. Dunbar K-8,"505 NW 20th St, Miami, FL 33127",,,
roster_not_in_app,Paul W. Bell Middle School,"11800 NW 2nd St, Miami, FL 33182",,,
roster_not_in_app,Royal Green Elementary School,"13047 SW 47th St, Miami, FL 33175",,,
roster_not_in_app,Village Green Elementary School,"12265 SW 34th St, Miami, FL 33175",,,
roster_not_in_app,W. R. Thomas Middle School,"13001 SW 26th St, Miami, FL 33175",,,
roster_not_in_app,Zora Neale Hurston Elementary School,"13137 SW 26th St, Miami, FL 33175",,,
school_not_in_roster,Arthur & Polly Mays Conservatory of the Arts,"11700 SW 216th St, Miami, FL 33170",south,no,yes
school_not_in_roster,Bowman Ashe/Doolin K-8 Academy,"6601 SW 152nd Ave, Miami-Dade, 33193",south,no,yes
school_not_in_roster,Carrie P. Meek,"2101 NW 127th St, Miami-Dade, 33167",central,yes,yes
school_not_in_roster,Charles R. Drew K-8,"1775 NW 60th St, Miami-Dade, 33142",central,no,yes
school_not_in_roster,Highland Oaks Middle School,"2375 NE 203rd St, Miami-Dade, 33180",north,yes,yes
school_not_in_roster,John A. Ferguson Sr. High School,"15900 SW 56th St, Miami-Dade, 33185",south,no,yes
school_not_in_roster,John F. Kennedy MS,"1075 NE 167th St, Miami-Dade, 33162",north,no,yes
school_not_in_roster,Linda Lentin K-8,"14312 NE 2nd Ct, Miami-Dade, 33161",north,no,yes
school_not_in_roster,Little River K-8,"2450 NW 84th St, Miami, FL 33147 (Dr. Henry W. Mack/West Little River K-8)",central,yes,yes
school_not_in_roster,Miami Norland Senior HS,"1193 NW 193rd St, Miami Gardens, 33169",north,yes,yes
school_not_in_roster,Oak Grove ES,"15640 NE 8th Ave, Miami, FL 33162",north,no,yes
